{
    "name":"CBSD_Registration_Request_Optional_Parameters_Mock_SAS_06_Sep_2017",  
			"registrationOptionalParams":
        	[
            	{
				  "measCapability":{"$or":[["RECEIVED_POWER_WITHOUT_GRANT","RECEIVED_POWER_WITH_GRANT"],["RECEIVED_POWER_WITHOUT_GRANT"],["RECEIVED_POWER_WITH_GRANT"]]},
				  "callSign":"${maximumLength:128}",
				  "CpiSignatureData":
						{	
							"protectedHeader": "${maximumLength:128}"
							,"encodedCpiSignedData": "${maximumLength:128}"
							,"digitalSignature": "${maximumLength:128}"
						},
				  "cbsdInfo":
						{
							"firmwareVersion": "${maximumLength:64}"
							,"hardwareVersion": "${maximumLength:64}"
							,"model": "${maximumLength:64}"
							,"softwareVersion": "${maximumLength:64}"
							,"vendor": "${maximumLength:64}"
						},
				  "userId":"${maximumLength:128}",
				  "fccId":"${maximumLength:128}",
				  "cbsdCategory":{"$or":["A","B"]},
				  "installationParam":
					{
						  "latitude":"${range:-90.000000To90.000000}"
						  ,"longitude":"${range:-180.000000To180.000000}"
						  ,"height":"${range:0To10000}"
						  ,"heightType":{"$or":["AGL","AMSL"]}
						  ,"horizontalAccuracy":"${range:0To50}"
						  ,"verticalAccuracy":"${range:0To3}"
						  ,"indoorDeployment":{"$or":["true","false"]}
						  ,"antennaAzimuth":"${range:0To359}"
						  ,"antennaDowntilt":"${range:-90To90}"
						  ,"antennaGain":"${range:-127To128}"
						  ,"eirpCapability":"${range:-127To47}"
						  ,"antennaBeamwidth":"${range:0To360}"
						  ,"antennaModel":"${maximumLength:128}"
					}
				}
			]	
}

