{
  "uid" : "67329c5e4ea61d89",
  "name" : "idan4",
  "title" : "Idan 4",
  "time" : {
    "start" : 1504696323217,
    "stop" : 1504696324231,
    "duration" : 1014
  },
  "summary" : {
    "attachments" : 0,
    "steps" : 1
  },
  "failure" : {
    "message" : "the server shot down because :  for the CBRS with the cbsdSerialNumber :78DADA12 ERROR - grouping param object validation error expected value for : groupId is : idan8 and the actual value is : 123",
    "stackTrace" : ""
  },
  "description" : null,
  "severity" : "NORMAL",
  "status" : "FAILED",
  "suite" : {
    "uid" : "af73210db585c1ef",
    "name" : "noam2",
    "title" : "Noam 2"
  },
  "steps" : [ {
    "name" : "registration CBRS : 78DADA12",
    "title" : "registration CBRS : 78DADA12",
    "time" : {
      "start" : 1504696323217,
      "stop" : 1504696323233,
      "duration" : 16
    },
    "summary" : {
      "attachments" : 0,
      "steps" : 0
    },
    "status" : "FAILED",
    "attachments" : [ ],
    "steps" : [ ]
  } ],
  "attachments" : [ ],
  "issues" : [ ],
  "testIds" : [ ],
  "labels" : [ {
    "name" : "severity",
    "value" : null
  }, {
    "name" : "suite-title",
    "value" : null
  }, {
    "name" : "suite-name",
    "value" : "noam2"
  } ],
  "parameters" : [ ]
}