{
  "features" : [ {
    "title" : "Without feature",
    "statistic" : {
      "total" : 1,
      "passed" : 0,
      "pending" : 0,
      "canceled" : 0,
      "failed" : 1,
      "broken" : 0
    },
    "stories" : [ {
      "uid" : "2268233c9d702a29",
      "title" : "Without story",
      "statistic" : {
        "total" : 1,
        "passed" : 0,
        "pending" : 0,
        "canceled" : 0,
        "failed" : 1,
        "broken" : 0
      },
      "testCases" : [ {
        "uid" : "67329c5e4ea61d89",
        "name" : "idan4",
        "title" : "Idan 4",
        "time" : {
          "start" : 1504696323217,
          "stop" : 1504696324231,
          "duration" : 1014
        },
        "severity" : "NORMAL",
        "status" : "FAILED"
      } ]
    } ]
  } ]
}