{
  "defectsList" : [ {
    "title" : "Product defects",
    "status" : "FAILED",
    "defects" : [ {
      "uid" : "31ca006ccb3eb7d3",
      "failure" : {
        "message" : "the server shot down because :  for the CBRS with the cbsdSerialNumber :78DADA12 ERROR - grouping param object validation error expected value for : groupId is : idan8 and the actual value is : 123",
        "stackTrace" : ""
      },
      "testCases" : [ {
        "uid" : "67329c5e4ea61d89",
        "name" : "idan4",
        "title" : "Idan 4",
        "time" : {
          "start" : 1504696323217,
          "stop" : 1504696324231,
          "duration" : 1014
        },
        "severity" : "NORMAL",
        "status" : "FAILED"
      } ]
    } ]
  }, {
    "title" : "Test defects",
    "status" : "BROKEN",
    "defects" : [ ]
  } ]
}