{
  "hash" : "e7105c43ada45c9f6e0006854ef1a1d95249231d",
  "plugins" : {
    "total" : {
      "statistic" : {
        "total" : 1,
        "passed" : 0,
        "pending" : 0,
        "canceled" : 0,
        "failed" : 1,
        "broken" : 0
      },
      "time" : {
        "start" : 1504696323217,
        "stop" : 1504696324231,
        "duration" : 1014
      }
    },
    "defects" : {
      "totalCount" : 1,
      "items" : [ {
        "count" : 1,
        "uid" : "31ca006ccb3eb7d3",
        "message" : "the server shot down because :  for the CBRS with the cbsdSerialNumber :78DADA12 ERROR - grouping param object validation error expected value for : groupId is : idan8 and the actual value is : 123",
        "status" : "FAILED"
      } ]
    },
    "xunit" : {
      "totalCount" : 1,
      "items" : [ {
        "uid" : "af73210db585c1ef",
        "title" : "Noam 2",
        "statistic" : {
          "total" : 1,
          "passed" : 0,
          "pending" : 0,
          "canceled" : 0,
          "failed" : 1,
          "broken" : 0
        }
      } ]
    },
    "behaviors" : {
      "totalCount" : 1,
      "items" : [ {
        "title" : "Without feature",
        "statistic" : {
          "total" : 1,
          "passed" : 0,
          "pending" : 0,
          "canceled" : 0,
          "failed" : 1,
          "broken" : 0
        }
      } ]
    },
    "environment" : [ ]
  }
}