{
  "time" : {
    "start" : 1504696323217,
    "stop" : 1504696324231,
    "duration" : 1014
  },
  "testSuites" : [ {
    "uid" : "af73210db585c1ef",
    "name" : "noam2",
    "title" : "Noam 2",
    "time" : {
      "start" : 1504696323217,
      "stop" : 1504696324231,
      "duration" : 1014
    },
    "statistic" : {
      "total" : 1,
      "passed" : 0,
      "pending" : 0,
      "canceled" : 0,
      "failed" : 1,
      "broken" : 0
    },
    "description" : null,
    "testCases" : [ {
      "uid" : "67329c5e4ea61d89",
      "name" : "idan4",
      "title" : "Idan 4",
      "time" : {
        "start" : 1504696323217,
        "stop" : 1504696324231,
        "duration" : 1014
      },
      "severity" : "NORMAL",
      "status" : "FAILED"
    } ]
  } ]
}