{
    "name":"Spectrum_Inquiry_Appear_Always_Mock_SAS_31_Aug_2017",  
    "questions":
	[
		{
			"question" : "Was measReport object included in the spectrumInquiry request message by CBSD?",
			"answers" : ["yes", "no"], 
			"expectedAnswer" : "yes"
		},
				{
			"question" : "response code received is 0?",
			"answers" : ["yes", "no"], 
			"expectedAnswer" : "yes"
		},
		{
			"question" : "CBSD is not transmitting unless an authorized grant is available?",
			"answers" : ["yes", "no"], 
			"expectedAnswer" : "yes"
		}
	],
	"repeatsAllowed":"True",
	"appearAlways":"True",
    "spectrumInquiryRequest": 
				[
				{ 
					"inquiredSpectrum": 
						[ 
							{ 
							"highFrequency": "3600000002",
							"lowFrequency": "3550000002" 
							} 
						]
				}	 
				],
   "response":
   {
		"spectrumInquiryResponse":
		[ 
			{ 
				"availableChannel":
				[ 
					{ 
					   "frequencyRange":
					   { 
							"lowFrequency":3550000000,
							"highFrequency":3700000000
					   },
					   "channelType":"GAA",
					   "ruleApplied":"FCC Part 96"
					}
				],
				"response":{ "responseCode":0}
			}	
		]
	}
}