<ns0:test-suite start="1504696320175" stop="1504696324231" xmlns:ns0="urn:model.allure.qatools.yandex.ru"><name>noam2</name><labels /><test-cases><test-case start="1504696323217" status="failed" stop="1504696324231"><name>idan4</name><attachments source="59f0fe72-7489-48f3-a826-7588a4642fc8-attachment.txt" title="Captured stdout call" type="text/plain" /><labels><label name="severity" /></labels><steps><step start="1504696323217" status="failed" stop="1504696323233"><name>registration CBRS : 78DADA12</name><title>registration CBRS : 78DADA12</title><steps /></step></steps><failure><message>the server shot down because :  for the CBRS with the cbsdSerialNumber :78DADA12 ERROR - grouping param object validation error expected value for : groupId is : idan8 and the actual value is : 123</message><stack-trace /></failure></test-case></test-cases></ns0:test-suite>