{
    "name":"Grant_1_2_3_4",  
    "message":{
	},
		"grantRequest":
		[ 
			{ 
				"cbsdId": "1234567890123456789cbsdSerialNumber123",
				"sensingCapability": [ "type" ],
				"operationParam": 
				{ 
					"peakPower": 2988.9897000433602, 
					"operationFrequencyRange": 
						{ "lowFrequency": 3560000000
						, "highFrequency": 3580000000 
						}
				} 
			} 
		], 
	"response":
        { 
		   "grantResponse":[ 
					  { 
						 "cbsdId":"1234567890123456789cbsdSerialNumber123",
						 "error":{ 
							"errorCode":0
						 },
						 "grantId":"8385094448610395450",
						 "grantExpireTime":"2017-05-28T23:20:08Z",
						 "heartbeatDuration":60.0
					  }
							]
        }

	}