{
    "name":"HeartBeat_1_2_3_4",  
	"repeatsAllowed":"True",
		"heartbeatRequest": 
			[ 
				{ 
					"cbsdId": "1234567890123456789cbsdSerialNumber123",
					"grantId": "8385094448610395450",
					"grantRenew": false,
					"operationState": "Granted" 
					} 
			],
	"response":
        { 
		   "heartbeatResponse":[ 
			  { 
				 "cbsdId":"1234567890123456789cbsdSerialNumber123",
				 "error":{ 
					"errorCode":0
				 },
				 "grantId":"8385094448610395450",
				 "operationStatusReq":true,
				 "transmitExpireTime":"2017-05-28T23:20:08Z",
				 "heartbeatDuration":60.0
			  }
		   ]
	}

	     
}