{
    "name":"Registration_1_2_3_4",  
    "questions":
				[
                        {
                            "question" : "Please check eNodeB something",
                            "answers" : ["x happened", "y happened"], 
							"expectedAnswer" : "x happened"
                        },
						{
							"question" : "Please check eNodeB something - secondQuest",
                            "answers" : ["x happened", "y happened"], 
							"expectedAnswer" : "y happened"
						}
				],
			"registrationRequest":
        	[
            	{
				  "userId": "user123",
				  "fccId": "1234567890123456789",
				  "cbsdSerialNumber":"76B1E617472C",
				  "cbsdManufacturer": "cbsdManufacturer123",
				  "cbsdCategory":"a",
				  "callSign":"callSign123",
				  "maximumGrants":2,
				  "sensingCapability": [ "receivedInterferencePower" ],
				  "airInterface": { "radioTechnology": "lte", "supportedSpec": "lte-rel10" },
				  "installationParam": { "latitude": 38.878337000000002, "longitude": -77.100702999999996, "height": 1, "heightType": "agl", "horizontalAccuracy": 1, "verticalAccuracy": 1, "indoorDeployment": true, "antennaAzimuth": 0, "antennaDowntiltMech": 0, "antennaDowntiltElec": 0, "antennaGain": 0, "antennaBeamwidth": 0, "antennaModel": "antennaModel123" }
				  
				}
			],
			"response":{
			"registrationResponse" : 
				[
					{
					  "cbsdId": "1234567890123456789cbsdSerialNumber123",
					  "error": {
						 "errorCode": 0
					  }
					}
				]  
				}
					
  	
}