{
    "name":"relinquishment_1_2_3_4",  
	 "questions":
				[
                        {
                            "question" : "Did csbd UUT stop transmission immidietly after relinquishment response",
                            "answers" : ["yes", "no"], 
							"expectedAnswer" : "yes"
                        },
						{
							"question" : "Is cbsd UUT in idle state after relinquishment response",
                            "answers" : ["yes", "no"], 
							"expectedAnswer" : "yes"
						}
				],
			"relinquishmentRequest": 
				[ 
					{ 
						"cbsdId": "1234567890123456789cbsdSerialNumber123",
						"grantId": "8385094448610395450" 
					} 
				],
	"response":
        { 
		   "relinquishmentResponse":[ 
			  { 
				 "cbsdId":"1234567890123456789cbsdSerialNumber123",
				 "error":{ 
					"errorCode":0
				 },
				 "grantId":"8385094448610395450"
			  }
		   ]

	}

	     
}