{
    "name":"Spectrum_Inquiry_10_3_4_2_5_3",  
    "questions": {},
    "spectrumInquiryRequest": 
				[
				{ 
					"cbsdId": "1234567890123456789cbsdSerialNumber123",
					"palCredential": [ "type" ],
					"inquiredSpectrum": 
						[ 
							{ "lowFrequency": 3550000002,
							"highFrequency": 3600000000 
							} 
						] 
				} 
				],
   "response":
   {
	"spectrumInquiryResponse":[ 
      { 
         "cbsdId":"1234567890123456789cbsdSerialNumber123",
         "error":{ 
            "errorCode":0
         },
         "availableChannel":[ 
            { 
               "frequencyRange":{ 
                  "lowFrequency":3550000000,
                  "highFrequency":3600000000
               },
               "channelType":"PAL",
               "ruleApplied":"FCC Part 96"
            }
         ]
      }	
      ]
    }
}