{
    "name":"NMS Test: Grant", 	
    "questions":
	[
		{
			"question" : "OK?",
			"answers" : ["y", "n"], 
			"expectedAnswer" : "y"
		}
	],
	"grantRequest":
	[ 
		{ 
			"cbsdId": "fccvel1cbsdSerialNumbervel12345",
			"operationParam": 
			{ 
				"maxEirp": 26.0, 
				"operationFrequencyRange": 
				{ 
					"lowFrequency": 3550000000,
				 	"highFrequency": 3600000000 
				}
			} 
		} 
	], 
	"response":
	{ 
		"grantResponse":
		[ 
			{ 
				"cbsdId":"fccvel1cbsdSerialNumbervel12345",
				"grantId":"8385094448610395450",
				"heartbeatInterval":60,
				"response": {"responseCode": 0, "responseMessage": "all ok"}
			}
		]
	}
}