{
    "name":"NMS Test: Registration",  
    "questions":
	[
		{
			"question" : "OK?",
			"answers" : ["y", "n"], 
			"expectedAnswer" : "y"
		}
	],
	"registrationRequest":
	[
		{
			"userId": "iot13",
			"fccId": "abc456",
			"cbsdSerialNumber":"sn1",
			"cbsdCategory":"A",
			"callSign":"aaa",
			"airInterface": { "radioTechnology": "E_UTRA", "supportedSpec": "FFS" },
			"installationParam": { "latitude": 31.987383, "longitude": 34.912444, "height": 78.0, "heightType": "AMSL", "horizontalAccuracy": 1.0, "verticalAccuracy": 1.0, "indoorDeployment": false, "antennaAzimuth": 0, "antennaDowntilt": 0, "antennaDowntilt": 0, "antennaGain": 0, "antennaBeamwidth": 0, "antennaModel": "wwwan" },
			"groupingParam": [{"groupType": "INTERFERENCE_COORDINATION","groupId": "example-group-3"}]
		}
	],
	"response":
	{	
		"registrationResponse":
		[
			{
				"cbsdId": "abc456cbsdSerialNumbersn1",
				"response": {"responseCode": 0, "responseMessage": "all ok"}
			}
		]
	}	
}