{
    "name":"NMS Test: Initial Heartbeat", 	
    "questions":
	[
		{
			"question" : "OK?",
			"answers" : ["y", "n"], 
			"expectedAnswer" : "y"
		}
	],
	"heartbeatRequest": 
	[ 
		{ 
			"cbsdId": "fccvel1cbsdSerialNumbervel12345",
			"grantId": "8385094448610395450",
			"grantRenew": false,
			"operationState": "GRANTED"
		} 
	],
	"response":
	{ 
		"heartbeatResponse":
		[ 
			{ 
				"cbsdId":"fccvel1cbsdSerialNumbervel12345",
				"grantId":"8385094448610395450",
				"heartbeatInterval":60,
				"response": {"responseCode": 0, "responseMessage": "all ok"}
			}
		]
	}     
}