{
    "name":"NMS Test: Spectrum Inquiry",  
    "questions":
	[
		{
			"question" : "OK?",
			"answers" : ["y", "n"], 
			"expectedAnswer" : "y"
		}
	],
	"repeatsAllowed":"True",
    "spectrumInquiryRequest": 
	[
		{ 
			"cbsdId": "fccvel1cbsdSerialNumbervel12345",
			"inquiredSpectrum": 
			[ 
				{ 
					"lowFrequency": 3550000000,
					"highFrequency": 3700000000 
				} 
			] 
		} 
	],
   "response":
   {
		"spectrumInquiryResponse":
		[ 
			{ 
				"cbsdId":"fccvel1cbsdSerialNumbervel12345",
				"availableChannel":
				[ 
					{ 
					   "frequencyRange":
					   { 
							"lowFrequency":3550000000,
							"highFrequency":3600000000
					   },
					   "channelType":"PAL",
					   "ruleApplied":"FCC Part 96"
					}
				],
				"response": {"responseCode": 0, "responseMessage": "all ok"}
			}	
		]
	}
}